Region/country/area,2000,2001,2002,2003,2004,2005,2006,2007,2008,2009,2010,2011,2012,2013,2014,2015,2016,2017,2018,2019,2020,2021,2022
Afghanistan,191.5,191.5,191.51,191.62,191.72,192.6,195.65,196.46,207.7,212.9,241.35,244.8,273.25,276.7,280.15,283.6,329.04,348.99,348.99,348.99,348.99,356.61,459.14
Albania,1453.0,1453.0,1453.0,1453.0,1453.0,1453.0,1453.0,1455.0,1457.0,1459.0,1475.0,1508.0,1628.0,1781.0,1725.0,1798.0,1913.0,2047.0,2105.0,2162.0,2387.0,2507.0,2507.0
Algeria,276.6,276.6,276.6,276.6,276.6,276.6,249.6,249.6,230.6,227.6,227.6,227.6,227.6,227.6,227.6,227.6,227.6,228.0,228.0,228.0,208.6,128.9,128.9
American Samoa,0.0,0.0,0.0,0.0,0.0,0.0,0.0,0.0,0.0,0.0,0.0,0.0,0.0,0.0,0.0,0.0,0.0,0.0,0.0,0.0,0.0,0.0,0.0
Andorra,30.0,30.0,30.0,30.0,30.0,30.0,30.0,30.0,46.0,46.0,46.0,46.0,46.0,46.0,46.0,46.0,46.0,46.0,46.0,46.0,46.0,46.0,46.0
Angola,235.58,235.58,235.58,235.58,495.58,495.58,495.58,755.58,787.58,787.58,787.58,787.58,873.18,953.18,969.18,969.18,1700.44,2393.28,3061.28,3395.28,3729.28,3729.28,3729.28
Anguilla,0.0,0.0,0.0,0.0,0.0,0.0,0.0,0.0,0.0,0.0,0.0,0.0,0.0,0.0,0.0,0.0,0.0,0.0,0.0,0.0,0.0,0.0,0.0
Antigua and Barbuda,0.0,0.0,0.0,0.0,0.0,0.0,0.0,0.0,0.0,0.0,0.0,0.0,0.0,0.0,0.0,0.0,0.0,0.0,0.0,0.0,0.0,0.0,0.0
Argentina,8614.15,8638.5,8787.8,8811.5,8927.9,8950.05,8949.99,9185.89,9192.89,9563.89,9564.86,10095.71,10135.71,10135.6,10138.14,10208.03,10270.0,10272.88,10318.38,10340.38,10374.06,10375.52,10388.75
Armenia,1024.2,1012.5,1165.5,1169.8,1023.7,1026.7,1055.9,1066.3,1079.4,1093.9,1123.2,1148.3,1249.2,1289.0,1298.1,1286.7,1311.6,1326.8,1336.4,1340.0,1350.0,1345.2,1345.2
Aruba,0.0,0.0,0.0,0.0,0.0,0.0,0.0,0.0,0.0,0.0,0.0,0.0,0.0,0.0,0.0,0.0,0.0,0.0,0.0,0.0,0.0,0.0,0.0
Australia,6781.0,6781.0,6781.0,6781.0,6855.0,7461.0,7461.0,7461.0,7461.0,7461.0,7461.0,7461.0,7461.0,7461.0,7461.0,7461.0,7461.0,7461.0,7713.0,7713.0,7713.0,7713.0,7713.0
Austria,11613.0,11640.0,11504.0,11545.0,11578.0,11799.04,11825.1,11988.19,12440.95,12630.43,12894.85,13177.39,13308.89,13383.4,13532.25,13649.66,14116.31,14149.95,14516.25,14597.11,14634.5,14747.93,14968.93
Azerbaijan,922.0,933.0,934.0,970.0,970.0,970.0,1025.0,1025.0,1025.0,987.0,995.0,998.0,1023.0,1084.0,1078.0,1103.0,1105.0,1106.4,1130.8,1144.8,1149.4,1157.2,1177.4
Bahamas,0.0,0.0,0.0,0.0,0.0,0.0,0.0,0.0,0.0,0.0,0.0,0.0,0.0,0.0,0.0,0.0,0.0,0.0,0.0,0.0,0.0,0.0,0.0
Bahrain,0.0,0.0,0.0,0.0,0.0,0.0,0.0,0.0,0.0,0.0,0.0,0.0,0.0,0.0,0.0,0.0,0.0,0.0,0.0,0.0,0.0,0.0,0.0
Bangladesh,230.0,230.0,230.0,230.0,230.0,230.0,230.0,230.0,230.0,230.0,230.0,220.0,220.0,230.0,230.0,230.0,230.0,230.0,230.0,230.0,230.0,230.0,230.0
Barbados,0.0,0.0,0.0,0.0,0.0,0.0,0.0,0.0,0.0,0.0,0.0,0.0,0.0,0.0,0.0,0.0,0.0,0.0,0.0,0.0,0.0,0.0,0.0
Belarus,10.19,10.43,11.24,11.24,11.49,11.8,11.85,12.35,12.89,13.33,13.85,14.33,31.6,32.1,32.8,33.5,73.56,95.36,95.36,95.36,96.0,96.0,96.2
Belgium,103.0,111.0,111.0,110.0,115.0,105.0,107.0,110.0,111.0,110.0,118.0,119.0,120.0,119.0,121.0,112.0,109.1,107.0,107.8,104.1,105.8,110.7,111.7
Belize,27.15,27.15,27.15,27.15,27.15,34.45,34.45,37.95,37.95,37.95,37.95,37.95,37.95,37.95,37.95,37.95,37.95,37.95,57.15,56.95,56.95,56.95,56.95
Benin,0.5,0.5,0.5,0.5,0.5,0.5,0.5,0.5,0.5,0.5,0.5,0.5,0.5,0.5,0.5,0.5,0.5,0.5,0.5,0.5,0.5,0.5,0.5
Bermuda,0.0,0.0,0.0,0.0,0.0,0.0,0.0,0.0,0.0,0.0,0.0,0.0,0.0,0.0,0.0,0.0,0.0,0.0,0.0,0.0,0.0,0.0,0.0
Bhutan,344.35,359.46,413.63,428.63,428.63,468.63,468.07,1488.17,1488.17,1488.08,1488.08,1488.08,1488.08,1488.08,1488.08,1614.08,1614.08,1614.08,1614.32,2334.32,2334.32,2334.34,2334.34
Bolivia,364.59,380.23,451.91,451.91,473.21,475.61,493.08,495.3,498.1,498.1,499.9,512.7,512.7,522.3,514.3,523.5,523.5,649.73,727.43,796.43,796.43,796.43,796.43
"Bonaire, Sint Eustatius and Saba",0.0,0.0,0.0,0.0,0.0,0.0,0.0,0.0,0.0,0.0,0.0,0.0,0.0,0.0,0.0,0.0,0.0,0.0,0.0,0.0,0.0,0.0,0.0
Bosnia and Herzegovina,1508.0,1508.0,1508.0,1508.0,1538.0,1538.0,1538.0,1538.0,1568.6,1568.6,1698.26,1699.96,1700.91,1701.77,1711.07,1716.94,1760.24,1791.0,1815.6,1818.84,1828.79,1836.78,1836.78
Botswana,0.0,0.0,0.0,0.0,0.0,0.0,0.0,0.0,0.0,0.0,0.0,0.0,0.0,0.0,0.0,0.0,0.0,0.0,0.0,0.0,0.0,0.0,0.0
Brazil,61063.0,62409.0,64473.0,67697.5,69087.2,71060.2,73678.0,76869.0,77545.0,78610.0,80703.0,82457.0,84294.0,86019.0,89193.82,91650.83,96930.46,100332.81,104482.22,109143.05,109318.36,109426.25,109814.17
British Virgin Islands,0.0,0.0,0.0,0.0,0.0,0.0,0.0,0.0,0.0,0.0,0.0,0.0,0.0,0.0,0.0,0.0,0.0,0.0,0.0,0.0,0.0,0.0,0.0
Brunei Darussalam,0.0,0.0,0.0,0.0,0.0,0.0,0.0,0.0,0.0,0.0,0.0,0.0,0.0,0.0,0.0,0.0,0.0,0.0,0.0,0.0,0.0,0.0,0.0
Bulgaria,1016.0,841.0,1084.0,1651.0,1984.0,1984.0,1984.0,2012.0,2120.0,2137.0,2184.0,2244.0,2317.0,2339.0,2355.0,2355.0,2359.0,2507.55,2515.0,2514.35,2512.46,2505.23,2505.23
Burkina Faso,32.0,32.0,32.0,32.0,32.0,32.0,32.0,32.0,32.0,32.0,32.0,32.0,32.0,32.0,32.0,32.0,32.0,32.0,32.0,34.6,34.6,34.6,34.6
Burundi,49.15,49.15,49.15,49.15,49.15,49.15,49.15,50.25,50.25,50.25,50.25,50.25,50.25,50.25,50.25,50.25,50.25,47.78,48.28,48.28,48.28,48.28,63.28
Cabo Verde,0.0,0.0,0.0,0.0,0.0,0.0,0.0,0.0,0.0,0.0,0.0,0.0,0.0,0.0,0.0,0.0,0.0,0.0,0.0,0.0,0.0,0.0,0.0
Cambodia,10.0,10.0,12.0,12.0,13.0,12.96,12.96,12.96,13.39,13.35,13.33,207.06,225.43,683.43,929.43,929.7,930.0,979.7,1329.7,1329.7,1329.7,1329.7,1331.7
Cameroon,719.3,719.3,719.3,719.3,719.3,719.3,719.3,719.3,719.3,719.3,723.3,728.5,728.5,732.5,732.5,732.5,732.5,732.3,732.3,812.3,812.3,812.3,812.3
Canada,67230.0,66882.0,69029.0,70197.0,70680.0,71801.0,72661.0,73281.0,74230.0,74510.0,74901.0,75396.0,75363.0,75337.0,75300.0,79231.0,80130.0,80657.0,81396.0,81396.0,81400.7,82736.8,83549.6
Cayman Islands,0.0,0.0,0.0,0.0,0.0,0.0,0.0,0.0,0.0,0.0,0.0,0.0,0.0,0.0,0.0,0.0,0.0,0.0,0.0,0.0,0.0,0.0,0.0
Central African Republic,18.85,18.85,18.85,18.85,18.85,18.85,18.85,18.85,18.85,18.85,18.85,18.85,18.85,18.85,18.85,18.85,18.85,18.85,18.85,18.85,18.85,18.85,18.85
Chad,0.0,0.0,0.0,0.0,0.0,0.0,0.0,0.0,0.0,0.0,0.0,0.0,0.0,0.0,0.0,0.0,0.0,0.0,0.0,0.0,0.0,0.0,0.0
Chile,4430.0,4427.0,4455.0,4466.0,5222.0,5224.0,5230.0,5356.0,5433.76,5452.76,5467.76,5946.76,5992.76,6094.76,6445.76,6499.76,6671.76,6684.62,6680.05,6682.97,6772.96,6806.87,7288.83
China,74352.0,77700.0,81070.0,89896.0,100242.0,111790.0,124090.0,139285.0,162403.92,182590.19,199127.18,214597.5,229137.98,258907.5,282750.0,296500.0,305380.49,314384.94,322271.43,327750.0,339960.0,354530.0,367710.0
"China, Hong Kong SAR",0.0,0.0,0.0,0.0,0.0,0.0,0.0,0.0,0.0,0.0,0.0,0.0,0.0,0.0,0.5,0.5,0.5,0.5,0.5,0.5,0.5,0.5,0.66
"China, Macao SAR",0.0,0.0,0.0,0.0,0.0,0.0,0.0,0.0,0.0,0.0,0.0,0.0,0.0,0.0,0.0,0.0,0.0,0.0,0.0,0.0,0.0,0.0,0.0
Chinese Taipei,1820.0,1820.0,1908.75,1908.75,1909.73,1909.73,1909.73,1921.25,1937.95,1936.95,1977.45,2040.75,2081.46,2081.46,2081.46,2089.46,2089.46,2089.46,2091.66,2092.66,2093.39,2093.94,2093.97
Christmas Island,0.0,0.0,0.0,0.0,0.0,0.0,0.0,0.0,0.0,0.0,0.0,0.0,0.0,0.0,0.0,0.0,0.0,0.0,0.0,0.0,0.0,0.0,0.0
Cocos (Keeling) Islands,0.0,0.0,0.0,0.0,0.0,0.0,0.0,0.0,0.0,0.0,0.0,0.0,0.0,0.0,0.0,0.0,0.0,0.0,0.0,0.0,0.0,0.0,0.0
Colombia,8274.67,8682.23,9042.01,8861.59,8925.79,8948.09,8947.39,8991.13,8996.56,8997.11,9043.91,9718.31,9776.77,9868.19,10899.88,11500.87,11611.42,11730.95,11841.89,11926.01,11954.2,11958.29,12562.65
Comoros,0.0,0.0,0.61,0.61,1.45,1.45,1.45,1.45,1.45,1.45,1.45,1.45,1.45,1.45,1.45,1.45,1.45,1.45,1.45,1.45,1.45,1.45,1.45
Congo,74.0,74.0,74.0,74.0,74.0,74.0,74.0,74.0,74.0,74.0,74.0,74.0,194.0,194.0,194.0,194.0,200.5,213.9,213.9,213.9,213.9,213.9,213.9
Cook Islands,0.0,0.0,0.0,0.0,0.0,0.0,0.0,0.0,0.0,0.0,0.0,0.0,0.0,0.0,0.0,0.0,0.0,0.0,0.0,0.0,0.0,0.0,0.0
Costa Rica,1225.5,1225.5,1271.0,1295.6,1303.6,1303.6,1411.5,1600.1,1617.6,1659.8,1553.64,1644.34,1700.8,1725.76,1834.66,1935.86,2328.6,2328.6,2373.17,2343.64,2331.76,2379.36,2331.02
Cote d'Ivoire,604.0,604.0,604.0,604.0,604.0,604.0,604.0,604.0,604.0,604.0,604.0,604.0,604.0,604.0,604.0,604.0,604.0,879.0,879.0,879.0,879.0,879.0,879.0
Croatia,2067.0,2067.0,2054.0,2064.0,2071.0,2065.0,2065.0,2063.0,2063.0,2080.0,2129.0,2129.0,2129.0,2178.0,2180.1,2195.1,2192.1,2193.0,2199.5,2199.7,2199.5,2200.5,2200.5
Cuba,57.4,57.4,57.4,57.4,58.5,48.2,48.2,40.9,60.1,57.9,62.5,65.0,62.1,62.8,62.8,62.8,65.9,65.9,64.0,71.9,71.9,71.9,71.9
Curacao,0.0,0.0,0.0,0.0,0.0,0.0,0.0,0.0,0.0,0.0,0.0,0.0,0.0,0.0,0.0,0.0,0.0,0.0,0.0,0.0,0.0,0.0,0.0
Cyprus,0.0,0.0,0.0,0.0,0.0,0.0,0.0,0.0,0.0,0.0,0.0,0.0,0.0,0.0,0.0,0.0,0.0,0.0,0.0,0.0,0.0,0.0,0.0
Czechia,952.0,1000.0,1000.0,1004.0,1015.0,1020.0,1016.0,1024.0,1029.0,1037.0,1049.0,1050.0,1065.0,1080.0,1080.0,1088.0,1090.0,1092.7,1092.52,1093.71,1093.93,1113.36,1114.26
DR Congo,2489.75,2510.0,2510.0,2515.0,2515.0,2515.0,2515.0,2515.0,2514.0,2514.0,2514.0,2514.0,2514.0,2514.8,2514.8,2527.9,2539.9,2550.7,2698.7,2708.7,2718.6,2718.6,2718.7
Democratic People's Republic of Korea,4592.0,4792.0,4812.0,4812.0,4812.0,4812.0,4812.0,4942.0,4487.0,3918.0,3958.0,3960.0,4260.0,4283.0,4293.0,4467.0,4701.0,4761.0,4790.0,4790.0,4865.0,4865.0,4865.0
Denmark,10.0,11.0,11.0,11.0,11.0,11.0,9.0,9.0,9.0,9.0,9.2,9.26,9.26,8.73,8.62,6.88,9.27,7.15,7.15,7.16,7.16,7.12,5.12
Djibouti,0.0,0.0,0.0,0.0,0.0,0.0,0.0,0.0,0.0,0.0,0.0,0.0,0.0,0.0,0.0,0.0,0.0,0.0,0.0,0.0,0.0,0.0,0.0
Dominica,7.6,7.6,7.6,7.6,7.6,7.6,7.6,7.6,4.76,4.76,6.64,6.64,6.64,6.64,6.64,6.64,6.64,6.64,6.64,6.64,6.64,6.64,6.64
Dominican Republic,453.98,463.78,463.78,464.5,464.5,464.51,465.41,465.41,468.63,523.61,523.63,523.72,613.39,613.66,616.85,617.13,613.42,613.55,613.63,625.16,624.98,624.98,625.16
Ecuador,1714.62,1737.82,1745.81,1745.93,1745.83,1763.53,1800.72,2057.08,2056.33,2059.25,2242.41,2234.41,2263.89,2263.89,2248.09,2407.61,4446.66,4515.96,5066.4,5076.4,5097.75,5098.75,5191.3
Egypt,2786.0,2786.0,2786.0,2786.8,2786.8,2786.8,2786.8,2786.8,2800.0,2800.0,2800.0,2800.0,2800.0,2800.0,2800.0,2800.0,2800.0,2800.0,2832.0,2832.0,2832.0,2832.0,2832.0
El Salvador,408.7,409.83,424.83,443.73,443.73,462.63,474.36,486.06,486.08,486.08,486.08,486.08,486.74,486.74,490.24,497.41,495.27,574.52,575.21,575.12,574.87,572.94,572.94
Equatorial Guinea,5.6,5.6,5.6,5.6,5.6,5.6,5.6,5.6,5.6,5.6,5.6,5.6,125.6,125.6,125.6,125.6,125.6,125.6,127.14,127.14,127.14,127.14,127.14
Eritrea,0.0,0.0,0.0,0.0,0.0,0.0,0.0,0.0,0.0,0.0,0.0,0.0,0.0,0.0,0.0,0.0,0.0,0.0,0.0,0.0,0.0,0.0,0.0
Estonia,2.0,2.0,3.0,4.0,4.0,5.0,5.0,5.0,5.0,7.0,6.0,5.0,8.0,8.0,5.0,6.0,6.0,7.3,7.3,6.0,8.0,6.0,10.0
Eswatini,41.1,41.1,41.1,41.1,42.9,42.9,42.9,42.9,62.7,62.7,62.7,62.2,62.2,62.2,62.2,62.2,62.2,62.2,62.2,62.2,62.2,62.2,62.2
Ethiopia,378.55,450.55,450.55,484.55,694.55,694.55,694.55,694.55,694.55,1414.55,1874.56,1971.68,1971.68,1971.68,1971.68,2158.68,2158.68,3817.28,3817.28,3817.28,4071.28,4071.28,4821.28
Falkland Islands (Malvinas),0.0,0.0,0.0,0.0,0.0,0.0,0.0,0.0,0.0,0.0,0.0,0.0,0.0,0.0,0.0,0.0,0.0,0.0,0.0,0.0,0.0,0.0,0.0
Faroe Islands,31.6,31.6,31.6,31.6,31.6,31.6,31.6,31.6,31.6,31.6,31.6,31.6,39.3,39.3,39.3,39.3,39.3,39.3,39.7,39.7,39.7,39.7,39.7
Fiji,84.96,84.96,85.0,85.0,91.8,91.79,94.59,94.59,94.59,94.59,94.59,94.62,138.62,137.73,137.73,137.73,137.73,138.43,138.43,138.43,138.43,138.43,138.43
Finland,2882.0,2926.0,2964.0,2966.0,2999.0,3035.0,3062.0,3102.0,3006.0,3029.0,3039.0,3080.0,3080.0,3108.0,3132.0,3133.0,3133.0,3156.0,3152.0,3157.0,3164.0,3171.0,3171.0
France,23297.0,23322.0,23421.0,23429.0,23316.0,23329.0,23341.0,23354.0,23312.0,23400.0,23617.0,23833.92,23848.26,23837.7,23848.61,23824.17,23893.15,23979.24,23999.23,24140.68,24226.88,24563.8,24563.8
French Guiana,114.65,114.65,114.65,114.65,114.65,114.65,114.65,114.65,114.65,114.65,114.65,119.15,119.15,119.15,119.15,119.15,119.15,119.15,119.15,119.15,119.15,119.15,119.15
French Polynesia,47.41,47.41,47.41,47.41,47.41,47.41,47.41,47.41,47.41,47.41,47.41,47.41,47.41,47.41,47.41,47.41,47.41,47.63,47.63,47.63,47.63,47.63,47.63
Gabon,170.2,170.2,170.2,170.2,170.2,170.2,170.2,170.2,170.2,170.2,170.2,170.2,170.2,330.2,330.2,330.2,330.29,330.29,330.29,330.29,330.29,330.29,330.29
Gambia,0.0,0.0,0.0,0.0,0.0,0.0,0.0,0.0,0.0,0.0,0.0,0.0,0.0,0.0,0.0,0.0,0.0,0.0,0.0,0.0,0.0,0.0,0.0
Georgia,2560.74,2560.74,2560.74,2560.74,2560.74,2560.74,2584.74,2704.01,2713.26,2718.16,2702.42,2703.42,2709.87,2705.0,2380.0,2378.0,2430.0,2723.0,2695.0,2583.0,2727.41,2966.83,3079.83
Germany,4831.0,4831.0,4937.0,4953.0,5186.0,5210.0,5193.0,5137.0,5164.0,5340.0,5407.0,5625.0,5607.0,5589.0,5580.0,5589.0,5629.0,5627.0,5329.0,5378.0,5454.0,5490.0,5540.0
Ghana,1180.0,1180.0,1180.0,1180.0,1180.0,1180.0,1180.0,1180.0,1180.0,1180.0,1180.0,1180.0,1180.0,1580.0,1580.0,1584.0,1584.0,1584.0,1584.0,1584.0,1584.04,1584.04,1584.04
Gibraltar,0.0,0.0,0.0,0.0,0.0,0.0,0.0,0.0,0.0,0.0,0.0,0.0,0.0,0.0,0.0,0.0,0.0,0.0,0.0,0.0,0.0,0.0,0.0
Greece,3072.0,3076.0,3078.0,3079.0,3099.0,3106.0,3134.0,3150.0,3176.0,3201.0,3215.0,3224.0,3236.0,3238.0,3389.0,3392.0,3392.0,3392.0,3409.0,3412.0,3417.0,3421.0,3423.0
Greenland,30.0,30.0,30.0,30.0,31.2,31.2,31.2,38.8,53.8,53.8,68.8,68.8,91.3,91.3,91.3,91.3,91.3,91.3,91.3,91.3,91.3,91.3,91.3
Grenada,0.0,0.0,0.0,0.0,0.0,0.0,0.0,0.0,0.0,0.0,0.0,0.0,0.0,0.0,0.0,0.0,0.0,0.0,0.0,0.0,0.0,0.0,0.0
Guadeloupe,7.17,7.17,7.87,7.94,8.21,8.21,8.41,8.41,8.66,8.66,8.66,8.66,8.66,8.66,8.66,8.66,8.66,11.06,11.06,11.06,11.06,11.06,11.06
Guam,0.0,0.0,0.0,0.0,0.0,0.0,0.0,0.0,0.0,0.0,0.0,0.0,0.0,0.0,0.0,0.0,0.0,0.0,0.0,0.0,0.0,0.0,0.0
Guatemala,526.9,525.7,559.9,585.8,641.1,701.0,742.7,775.7,776.4,778.4,884.7,902.3,986.0,998.37,1013.45,1086.97,1392.29,1437.68,1501.81,1574.45,1577.2,1571.66,1573.46
Guinea,128.22,128.22,128.22,128.22,128.22,128.22,128.22,128.22,128.22,128.22,128.22,128.22,130.22,129.22,129.22,369.22,369.22,369.22,369.22,364.22,589.22,814.22,814.0
Guinea-Bissau,0.0,0.0,0.0,0.0,0.0,0.0,0.0,0.0,0.0,0.0,0.0,0.0,0.0,0.0,0.0,0.0,0.0,0.0,0.0,0.0,0.0,0.0,0.0
Guyana,0.66,0.81,0.97,1.12,0.78,0.93,1.09,1.24,1.4,1.55,1.71,1.86,2.02,2.17,2.33,2.33,2.33,2.33,2.35,2.37,2.37,2.37,2.37
Haiti,56.29,56.29,56.29,56.29,56.29,56.29,56.29,56.29,56.29,56.29,56.29,56.29,56.29,56.29,56.29,56.29,56.29,56.29,77.89,77.89,77.89,77.99,77.99
Holy See,0.0,0.0,0.0,0.0,0.0,0.0,0.0,0.0,0.0,0.0,0.0,0.0,0.0,0.0,0.0,0.0,0.0,0.0,0.0,0.0,0.0,0.0,0.0
Honduras,433.2,433.2,463.2,476.48,485.48,488.98,502.88,519.68,521.98,521.88,533.11,534.31,544.42,564.62,628.62,638.14,677.01,682.42,706.54,729.63,837.53,849.63,909.63
Hungary,48.0,48.0,48.0,54.0,49.0,49.0,49.0,49.0,51.0,53.0,53.0,55.0,56.0,57.0,57.0,57.0,57.0,57.0,57.0,58.0,58.0,60.0,60.0
Iceland,1064.0,1109.0,1155.0,1155.0,1163.0,1163.0,1163.0,1758.0,1879.0,1875.0,1883.0,1884.0,1877.0,1984.0,1984.0,1987.0,1987.0,1994.75,2098.72,2104.46,2114.42,2114.48,2114.48
India,23711.0,24682.77,24734.25,27178.48,28618.93,30955.79,33044.59,33995.84,34687.46,34775.95,35865.05,37633.35,38245.02,39388.46,40620.79,42318.88,42836.42,44735.14,45316.64,45493.77,45977.48,46780.84,47219.9
Indonesia,4202.11,3115.79,3158.7,3171.78,3203.93,3415.99,3724.68,3700.49,3703.73,3708.6,3741.6,3953.73,4156.52,5177.68,5242.7,5322.46,5666.3,5703.34,5772.65,5976.03,6140.59,6601.75,6689.02
Iran,1999.0,1999.0,3028.0,4420.0,5012.0,6043.4,6572.0,7422.0,7672.0,7714.0,8486.0,8745.0,9745.0,10265.0,10785.0,10238.0,10538.0,10913.0,11059.0,11142.1,11152.7,11152.7,11503.0
Iraq,670.0,670.0,360.0,460.0,1570.0,1622.0,1985.0,2033.0,2273.0,2274.34,2274.34,2274.34,2274.34,2274.34,2274.34,2274.34,2274.34,1557.34,1557.34,1557.34,1557.34,1557.34,1557.34
Ireland,236.0,238.0,240.0,240.0,240.0,234.0,234.0,234.0,234.0,234.0,237.0,237.0,237.0,237.0,237.0,237.0,237.0,237.0,237.0,237.0,237.0,237.0,237.0
Israel,6.61,6.61,6.61,6.61,6.61,6.61,6.61,6.61,6.61,6.61,6.61,6.61,6.61,6.61,6.61,6.61,6.61,6.61,6.61,6.61,6.0,6.0,6.0
Italy,16390.0,16457.0,16558.0,16704.0,16787.0,17036.0,17115.0,17160.0,17319.0,17414.0,17563.0,17780.0,17923.0,18052.0,18116.0,18238.0,18316.0,18485.63,18558.21,18600.71,18754.6,18809.28,18840.28
Jamaica,23.1,22.6,21.5,21.5,21.6,21.6,22.0,22.0,22.0,22.8,22.8,22.8,22.8,30.0,30.0,30.0,30.0,30.0,30.0,30.0,30.0,30.0,30.0
Japan,22019.0,27348.0,27424.0,27732.0,27759.0,27842.0,27909.0,27534.0,27562.0,27494.0,27987.0,27770.0,27815.0,27813.0,27873.0,28111.0,28161.0,28118.0,28140.0,28136.0,28136.0,28112.0,28198.0
Jordan,12.0,12.0,12.0,12.0,12.0,12.0,12.0,12.0,12.0,12.0,12.0,12.0,12.0,12.0,12.0,16.2,16.2,16.2,16.2,16.2,16.2,13.8,13.8
Kazakhstan,2260.0,2260.0,2260.0,2260.0,2263.0,2249.0,2251.0,2251.0,2263.0,2265.0,2273.0,2274.0,2574.0,2588.0,2675.4,2677.55,2695.58,2726.48,2755.93,2777.88,2784.72,2807.0,2807.0
Kenya,684.95,684.96,684.96,684.96,684.97,685.02,685.02,685.03,745.04,757.12,772.94,772.94,817.94,825.99,826.84,832.84,836.36,847.48,849.98,855.68,850.34,850.34,858.54
Kiribati,0.0,0.0,0.0,0.0,0.0,0.0,0.0,0.0,0.0,0.0,0.0,0.0,0.0,0.0,0.0,0.0,0.0,0.0,0.0,0.0,0.0,0.0,0.0
Kosovo*,32.0,32.0,32.0,32.0,32.0,32.0,40.0,40.0,40.0,40.0,42.0,43.0,43.0,43.0,43.0,43.0,78.27,80.37,80.37,95.11,110.13,110.13,110.13
Kuwait,0.0,0.0,0.0,0.0,0.0,0.0,0.0,0.0,0.0,0.0,0.0,0.0,0.0,0.0,0.0,0.0,0.0,0.0,0.0,0.0,0.0,0.0,0.0
Kyrgyzstan,2943.4,2943.4,2943.4,2943.4,2943.4,2943.4,2943.4,2944.2,2944.2,2944.2,3064.2,3071.5,3071.5,3571.5,3670.9,3676.5,3676.78,3688.6,3673.1,3673.1,3673.6,2780.4,2780.4
Lao PDR,539.64,540.84,541.03,541.18,541.41,582.78,582.79,582.79,582.79,1733.8,2448.8,2453.5,2922.5,2928.0,3211.8,4313.24,4889.38,5136.19,5414.18,6241.18,8025.38,8792.98,9482.98
Latvia,1513.0,1523.0,1529.0,1537.0,1536.0,1536.0,1536.0,1536.0,1536.0,1536.0,1576.0,1576.0,1576.0,1586.62,1587.8,1587.69,1564.2,1564.32,1564.98,1586.69,1586.28,1587.23,1608.23
Lebanon,282.0,282.0,282.0,282.0,282.0,282.0,282.0,282.0,282.0,282.0,282.0,282.0,282.0,282.0,282.0,282.0,282.0,282.0,282.0,282.0,282.0,282.0,282.0
Lesotho,75.42,75.42,75.42,74.75,74.75,74.75,72.75,72.75,72.75,72.75,72.75,72.75,74.75,74.18,74.18,74.18,74.18,74.18,74.18,74.18,74.18,74.18,74.18
Liberia,4.8,4.8,4.8,4.8,4.8,4.8,4.8,4.8,4.8,4.8,4.8,4.8,4.8,4.8,4.86,4.86,26.86,92.86,92.86,92.86,92.86,92.86,92.86
Libya,0.0,0.0,0.0,0.0,0.0,0.0,0.0,0.0,0.0,0.0,0.0,0.0,0.0,0.0,0.0,0.0,0.0,0.0,0.0,0.0,0.0,0.0,0.0
Liechtenstein,0.0,0.0,0.0,0.0,0.0,0.0,0.0,0.0,0.0,0.0,0.0,0.0,0.0,0.0,0.0,0.0,0.0,0.0,0.0,0.0,0.0,0.0,0.0
Lithuania,103.0,103.0,103.0,109.0,110.0,117.0,117.0,115.0,115.0,116.0,116.0,116.0,116.0,116.0,117.0,117.0,117.0,117.0,117.0,117.0,117.0,117.0,117.0
Luxembourg,33.3,33.92,33.92,33.92,34.04,34.08,34.13,34.13,34.13,34.19,34.31,34.31,34.31,34.31,34.31,34.27,34.32,34.54,34.47,34.47,34.53,34.53,31.53
Madagascar,105.63,105.63,105.63,105.68,105.59,105.59,105.59,105.62,120.62,120.89,128.82,128.94,161.98,162.09,162.83,163.67,163.73,163.85,163.91,164.21,164.01,164.01,164.01
Malawi,307.59,307.59,307.59,307.59,307.59,307.59,307.59,307.59,307.59,307.59,307.59,307.65,307.65,372.45,372.45,372.45,372.75,372.75,372.79,372.79,372.79,391.89,391.89
Malaysia,2085.1,2072.1,2109.1,2109.1,2109.11,2064.11,2111.12,2111.12,2117.66,2122.71,2134.76,3120.77,3448.77,4534.78,4760.74,5741.78,6121.2,6145.28,6165.3,6185.33,6197.33,6211.03,6211.03
Maldives,0.0,0.0,0.0,0.0,0.0,0.0,0.0,0.0,0.0,0.0,0.0,0.0,0.0,0.0,0.0,0.0,0.0,0.0,0.0,0.0,0.0,0.0,0.0
Mali,52.7,52.7,253.0,253.0,253.0,253.0,253.0,253.0,253.0,253.0,253.0,253.0,253.0,315.3,315.3,315.3,315.3,315.3,315.3,315.3,315.3,315.3,455.3
Malta,0.0,0.0,0.0,0.0,0.0,0.0,0.0,0.0,0.0,0.0,0.0,0.0,0.0,0.0,0.0,0.0,0.0,0.0,0.0,0.0,0.0,0.0,0.0
Marshall Islands,0.0,0.0,0.0,0.0,0.0,0.0,0.0,0.0,0.0,0.0,0.0,0.0,0.0,0.0,0.0,0.0,0.0,0.0,0.0,0.0,0.0,0.0,0.0
Martinique,0.0,0.0,0.0,0.0,0.0,0.0,0.0,0.0,0.0,0.0,0.0,0.0,0.0,0.0,0.0,0.0,0.0,0.0,0.0,0.0,0.0,0.0,0.0
Mauritania,0.0,0.0,0.0,0.0,0.0,0.0,0.0,0.0,0.0,0.0,0.0,0.0,0.0,0.0,0.0,0.0,0.0,0.0,0.0,0.0,0.0,0.0,0.0
Mauritius,59.44,59.44,59.44,59.44,59.44,59.44,59.44,59.44,59.44,59.44,60.14,60.14,60.04,61.44,61.44,61.44,61.14,61.14,61.14,61.14,61.2,61.2,61.2
Mayotte,0.0,0.0,0.0,0.0,0.0,0.0,0.0,0.0,0.0,0.0,0.0,0.0,0.0,0.0,0.0,0.0,0.0,0.0,0.0,0.0,0.0,0.0,0.0
Mexico,9653.0,9653.0,9649.0,9658.0,10573.0,10598.0,10800.0,11577.0,11433.0,11474.0,11597.0,11571.0,11626.0,11633.0,12464.0,12223.0,12580.0,12628.0,12643.0,13301.0,13301.0,13303.0,13303.0
Micronesia (Federated States of),2.06,2.06,2.06,0.0,0.0,0.0,0.0,0.0,0.0,0.0,0.0,0.0,0.0,0.0,0.72,0.72,0.72,0.72,0.72,0.72,0.72,0.72,0.72
Moldova,64.0,60.0,60.0,60.0,59.0,59.0,56.0,56.0,64.0,64.0,64.0,64.0,64.0,64.0,64.0,64.0,64.0,64.25,64.25,64.25,64.25,64.25,64.25
Monaco,0.0,0.0,0.0,0.0,0.0,0.0,0.0,0.0,0.0,0.0,0.0,0.0,0.0,0.0,0.0,0.0,0.0,0.0,0.0,0.0,0.0,0.0,0.0
Mongolia,15.02,16.1,16.1,16.25,16.25,16.82,17.75,17.75,17.75,18.01,29.01,29.01,29.01,29.01,29.01,29.01,31.19,31.19,31.19,30.99,28.99,28.99,28.99
Montenegro,0.0,0.0,0.0,0.0,0.0,629.0,629.0,629.0,629.0,629.0,629.0,629.0,629.0,629.84,652.69,661.92,668.16,674.81,675.61,676.24,696.68,696.68,696.68
Montserrat,0.0,0.0,0.0,0.0,0.0,0.0,0.0,0.0,0.0,0.0,0.0,0.0,0.0,0.0,0.0,0.0,0.0,0.0,0.0,0.0,0.0,0.0,0.0
Morocco,1166.62,1166.62,1166.62,1265.12,1265.32,1265.32,1265.32,1265.32,1265.32,1285.32,1305.53,1305.53,1305.53,1305.53,1305.53,1305.53,1305.53,1305.53,1305.53,1305.53,1305.53,1305.53,1305.53
Mozambique,2177.43,2177.43,2177.43,2177.43,2177.43,2177.43,2177.43,2177.43,2177.5,2177.5,2177.53,2177.54,2189.67,2189.99,2189.99,2190.78,2190.78,2190.81,2190.81,2190.81,2190.81,2190.81,2190.81
Myanmar,317.61,317.61,347.61,347.61,422.61,702.64,713.14,738.24,768.32,1422.33,2212.33,2539.45,2673.45,2812.47,2984.66,3198.39,3264.39,3304.39,3304.39,3304.39,3304.39,3304.39,3304.39
Namibia,240.0,240.0,240.0,240.0,240.0,240.0,240.0,240.0,240.0,240.0,240.0,240.0,330.0,330.0,330.0,330.0,347.0,347.0,347.0,347.0,351.0,351.0,351.0
Nauru,0.0,0.0,0.0,0.0,0.0,0.0,0.0,0.0,0.0,0.0,0.0,0.0,0.0,0.0,0.0,0.0,0.0,0.0,0.0,0.0,0.0,0.0,0.0
Nepal,281.57,402.34,408.03,560.47,570.23,573.59,577.58,583.66,592.64,687.61,697.49,704.4,709.15,743.81,759.42,813.58,833.99,939.09,1060.29,1181.67,1303.34,1993.46,2220.47
Netherlands,37.0,37.0,37.0,37.0,37.0,37.0,37.0,37.0,37.0,37.0,37.0,37.0,37.0,37.0,37.0,37.0,37.0,37.0,37.0,37.0,37.0,36.9,38.0
New Caledonia,75.94,78.14,78.14,78.14,78.14,78.14,78.14,78.14,78.14,78.14,78.14,78.14,78.14,78.14,78.14,78.14,78.14,78.14,78.14,78.14,81.14,81.14,81.14
New Zealand,5193.0,5260.0,5365.0,5365.0,5366.0,5367.0,5367.0,5367.0,5390.0,5338.0,5333.0,5408.0,5422.0,5436.0,5435.0,5435.0,5435.0,5435.0,5435.0,5443.0,5443.0,5443.0,5443.0
Nicaragua,107.81,107.81,104.63,104.63,104.71,104.63,104.63,105.3,105.3,105.3,105.3,105.3,105.7,120.1,120.1,137.6,142.45,142.45,142.45,157.17,157.17,158.38,158.81
Niger,0.0,0.0,0.0,0.0,0.0,0.0,0.0,0.0,0.0,0.0,0.0,0.0,0.0,0.0,0.0,0.0,0.0,0.0,0.0,0.0,0.0,0.0,0.0
Nigeria,2080.4,2080.4,2080.4,2080.4,2080.4,2080.4,2080.4,2080.4,2080.4,2080.4,2080.4,2110.4,2110.4,2110.4,2110.4,2110.8,2110.8,2110.8,2110.8,2110.8,2110.8,2110.8,2110.8
Niue,0.0,0.0,0.0,0.0,0.0,0.0,0.0,0.0,0.0,0.0,0.0,0.0,0.0,0.0,0.0,0.0,0.0,0.0,0.0,0.0,0.0,0.0,0.0
Norfolk Island,0.0,0.0,0.0,0.0,0.0,0.0,0.0,0.0,0.0,0.0,0.0,0.0,0.0,0.0,0.0,0.0,0.0,0.0,0.0,0.0,0.0,0.0,0.0
North Macedonia,443.0,443.0,443.0,444.0,544.0,544.0,545.0,546.0,552.0,553.0,555.0,556.0,595.0,617.0,630.0,658.0,661.13,670.7,674.16,678.19,687.4,689.19,689.19
Northern Mariana Islands,0.0,0.0,0.0,0.0,0.0,0.0,0.0,0.0,0.0,0.0,0.0,0.0,0.0,0.0,0.0,0.0,0.0,0.0,0.0,0.0,0.0,0.0,0.0
Norway,28126.0,27679.0,27913.0,27989.0,28030.0,28549.0,28725.0,28957.0,29413.0,29539.0,29693.0,29969.0,30509.0,31033.0,31240.0,31372.0,31817.0,31912.0,32530.0,32797.0,33732.0,34075.0,34118.0
Oman,0.0,0.0,0.0,0.0,0.0,0.0,0.0,0.0,0.0,0.0,0.0,0.0,0.0,0.0,0.0,0.0,0.0,0.0,0.0,0.0,0.0,0.0,0.0
Pakistan,4960.29,5098.29,5098.29,5679.29,6549.29,6550.69,6536.69,6554.99,6653.22,6657.35,6734.92,6738.4,6777.9,7089.17,7219.64,7219.64,7251.99,7403.82,9903.91,9922.91,10042.91,10042.91,10832.91
Palau,0.0,0.0,0.0,0.0,0.0,0.0,0.0,0.0,0.0,0.0,0.0,0.0,0.0,0.0,0.0,0.0,0.0,0.0,0.0,0.0,0.0,0.0,0.0
Panama,613.07,613.07,701.0,833.0,846.0,846.0,846.54,846.54,869.05,878.91,936.88,1352.35,1469.11,1493.81,1623.41,1724.71,1768.7,1777.3,1801.39,1792.14,1810.86,1810.86,1844.7
Papua New Guinea,198.16,198.16,198.16,198.4,198.4,198.4,198.4,206.4,214.4,222.4,230.4,230.4,239.8,239.8,240.04,258.04,258.04,258.04,258.04,258.04,258.04,258.04,261.04
Paraguay,7390.0,7410.0,7390.0,7410.0,7410.0,7410.0,7410.0,7410.0,8110.0,8130.0,8810.0,8810.0,8810.0,8810.0,8810.0,8810.0,8810.0,8810.0,8810.0,8810.0,8810.0,8810.0,8810.0
Peru,2856.9,2966.3,2996.5,3032.3,3055.8,3207.0,3216.0,3233.6,3242.1,3277.4,3437.6,3446.32,3478.53,3543.7,3650.58,4139.37,5178.58,5112.33,5230.02,5386.5,5406.28,5503.14,5503.14
Philippines,1930.57,2012.57,2220.27,2655.27,2655.27,2655.27,2655.27,2655.27,2657.77,2657.77,2825.92,2831.82,2843.2,2843.2,2857.9,2876.7,2886.8,2896.1,2983.0,3025.1,3043.6,3047.0,3037.42
Pitcairn,0.0,0.0,0.0,0.0,0.0,0.0,0.0,0.0,0.0,0.0,0.0,0.0,0.0,0.0,0.0,0.0,0.0,0.0,0.0,0.0,0.0,0.0,0.0
Poland,817.0,868.0,841.0,867.0,876.0,915.0,925.0,922.0,929.0,932.0,936.0,940.0,945.0,949.0,958.0,964.0,972.0,967.06,968.27,974.01,976.6,974.55,977.55
Portugal,4535.0,4560.0,4583.0,4583.0,4831.0,5017.0,5053.0,5061.0,5058.0,5091.0,5106.0,5535.0,5712.0,5661.0,5715.0,6168.0,6960.0,7225.92,7235.83,7261.98,7240.81,7254.9,7591.9
Puerto Rico,98.1,98.1,98.1,98.1,98.1,98.1,98.1,98.1,98.1,98.1,98.1,98.1,98.1,98.1,98.1,98.1,98.1,98.1,98.1,98.1,98.1,98.1,98.1
Qatar,0.0,0.0,0.0,0.0,0.0,0.0,0.0,0.0,0.0,0.0,0.0,0.0,0.0,0.0,0.0,0.0,0.0,0.0,0.0,0.0,0.0,0.0,0.0
Republic of Korea,1549.0,1614.0,1576.0,1577.0,1579.0,1583.0,1585.0,1592.0,1605.0,1615.0,1625.0,1718.0,1747.0,1752.0,1767.0,1771.0,1785.0,1789.0,1790.0,1809.0,1806.0,1841.0,1812.42
Romania,6120.0,6122.0,6242.0,6248.0,6278.0,6289.0,6282.0,6331.0,6362.0,6358.0,6382.0,6391.0,6456.0,6518.0,6521.0,6638.0,6642.0,6600.43,6609.15,6594.7,6560.8,6570.7,6569.7
Russia,43449.0,43806.0,43928.0,44338.0,44719.0,45033.0,45346.0,46091.0,46405.0,46651.0,46773.0,46822.0,48533.0,49340.0,50116.0,50259.0,50250.0,50485.77,50578.5,51078.76,51398.12,51398.12,51398.12
Rwanda,40.06,40.06,40.06,40.06,40.06,40.06,40.06,40.16,40.16,40.16,49.65,55.27,56.17,59.92,66.12,94.12,98.13,98.13,98.13,109.0,118.8,118.8,124.14
Réunion,120.6,120.6,120.6,120.6,120.6,120.6,120.6,120.6,120.6,120.6,133.4,133.4,133.4,133.6,133.6,133.6,133.2,133.2,133.3,133.3,133.3,134.3,134.3
Saint Barthelemy,0.0,0.0,0.0,0.0,0.0,0.0,0.0,0.0,0.0,0.0,0.0,0.0,0.0,0.0,0.0,0.0,0.0,0.0,0.0,0.0,0.0,0.0,0.0
Saint Helena,0.0,0.0,0.0,0.0,0.0,0.0,0.0,0.0,0.0,0.0,0.0,0.0,0.0,0.0,0.0,0.0,0.0,0.0,0.0,0.0,0.0,0.0,0.0
Saint Kitts and Nevis,0.0,0.0,0.0,0.0,0.0,0.0,0.0,0.0,0.0,0.0,0.0,0.0,0.0,0.0,0.0,0.0,0.0,0.0,0.0,0.0,0.0,0.0,0.0
Saint Lucia,0.0,0.0,0.0,0.0,0.0,0.0,0.0,0.0,0.0,0.0,0.0,0.0,0.0,0.0,0.0,0.0,0.0,0.0,0.0,0.0,0.0,0.0,0.0
Saint Martin,0.0,0.0,0.0,0.0,0.0,0.0,0.0,0.0,0.0,0.0,0.0,0.0,0.0,0.0,0.0,0.0,0.0,0.0,0.0,0.0,0.0,0.0,0.0
Saint Pierre and Miquelon,0.0,0.0,0.0,0.0,0.0,0.0,0.0,0.0,0.0,0.0,0.0,0.0,0.0,0.0,0.0,0.0,0.0,0.0,0.0,0.0,0.0,0.0,0.0
Saint Vincent and the Grenadines,5.62,5.62,5.62,5.62,5.62,5.62,5.62,5.62,5.62,5.62,5.62,5.62,5.62,5.62,5.62,5.62,5.71,5.71,5.71,5.71,5.71,5.71,5.71
Samoa,12.51,12.51,12.51,12.51,12.51,12.51,12.51,12.51,12.51,12.51,12.51,12.51,8.87,8.87,8.87,8.87,8.87,12.45,12.61,14.06,14.06,14.06,14.06
San Marino,0.0,0.0,0.0,0.0,0.0,0.0,0.0,0.0,0.0,0.0,0.0,0.0,0.0,0.0,0.0,0.0,0.0,0.0,0.0,0.0,0.0,0.0,0.0
Sao Tome and Principe,1.92,1.92,1.92,1.92,1.92,1.92,1.92,1.92,1.92,1.92,1.92,1.92,1.92,1.92,1.92,1.92,1.92,1.92,1.92,1.92,1.92,1.92,1.92
Saudi Arabia,0.0,0.0,0.0,0.0,0.0,0.0,0.0,0.0,0.0,0.0,0.0,0.0,0.0,0.0,0.0,0.0,0.0,0.0,0.0,0.0,0.0,0.0,0.0
Senegal,0.0,0.0,0.0,0.0,0.0,0.0,0.0,0.0,0.0,0.0,0.0,0.0,0.0,0.0,0.0,0.0,0.0,0.0,0.0,0.0,0.0,0.0,0.0
Serbia,2272.72,2272.88,2272.88,2272.88,2272.88,2272.88,2272.88,2272.88,2272.88,2274.88,2293.21,2322.0,2351.53,2317.0,2403.0,2408.0,2416.0,2424.0,2429.0,2460.0,2468.3,2470.99,2482.99
Seychelles,0.0,0.0,0.0,0.0,0.0,0.0,0.0,0.0,0.0,0.0,0.0,0.0,0.0,0.0,0.0,0.0,0.0,0.0,0.0,0.0,0.0,0.0,0.0
Sierra Leone,4.0,4.0,4.0,4.0,4.0,4.0,4.0,4.0,29.0,29.0,54.0,54.0,54.25,54.25,56.25,56.25,56.25,60.89,60.89,60.89,60.89,60.89,60.89
Singapore,0.0,0.0,0.0,0.0,0.0,0.0,0.0,0.0,0.0,0.0,0.0,0.0,0.0,0.0,0.0,0.0,0.0,0.0,0.0,0.0,0.0,0.0,0.0
Sint Maarten,0.0,0.0,0.0,0.0,0.0,0.0,0.0,0.0,0.0,0.0,0.0,0.0,0.0,0.0,0.0,0.0,0.0,0.0,0.0,0.0,0.0,0.0,0.0
Slovakia,1685.0,1586.0,1586.0,1588.0,1602.0,1596.0,1597.0,1599.0,1632.0,1571.0,1600.0,1607.0,1606.0,1607.0,1607.0,1606.0,1608.0,1607.0,1612.0,1611.0,1613.0,1615.0,1615.0
Slovenia,843.0,906.0,949.0,974.0,974.0,979.0,1009.0,1018.0,1027.0,1070.0,1074.0,1073.0,1074.0,1119.0,1116.0,1115.0,1113.0,1166.63,1163.42,1170.72,1171.86,1172.06,1174.06
Solomon Islands,0.31,0.31,0.34,0.34,0.37,0.37,0.37,0.37,0.37,0.37,0.19,0.19,0.19,0.19,0.19,0.19,0.34,0.34,0.34,0.34,0.34,0.34,0.34
Somalia,0.0,0.0,0.0,0.0,0.0,0.0,0.0,0.0,0.0,0.0,0.0,0.0,0.0,0.0,0.0,0.0,0.0,0.0,0.0,0.0,0.0,0.0,0.0
South Africa,1006.7,1041.7,1041.7,1341.7,702.7,702.7,702.7,702.7,702.76,720.77,734.77,735.1,735.11,735.2,732.5,747.65,747.65,747.65,747.65,747.65,747.65,751.65,751.65
South Georgia and S Sandwich Islands,0.0,0.0,0.0,0.0,0.0,0.0,0.0,0.25,0.25,0.25,0.25,0.25,0.25,0.25,0.25,0.25,0.25,0.25,0.25,0.25,0.25,0.25,0.25
South Sudan,0.0,0.0,0.0,0.0,0.0,0.0,0.0,0.0,0.0,0.0,0.0,0.0,0.0,0.0,0.0,0.0,0.0,0.0,0.0,0.0,0.0,0.0,0.0
Spain,15506.55,15578.55,15614.55,15589.55,15713.55,15766.55,15864.55,15918.55,15997.55,16051.55,16081.55,16086.55,16096.55,15853.6,15891.6,16721.6,16748.6,16747.6,16748.17,16782.27,16785.19,16800.97,16800.97
Sri Lanka,1153.15,1164.49,1175.21,1250.55,1284.58,1294.97,1317.79,1324.55,1345.6,1382.06,1387.49,1405.9,1589.87,1621.98,1669.97,1689.36,1727.84,1746.9,1798.45,1815.07,1799.07,1799.07,1846.07
State of Palestine,0.0,0.0,0.0,0.0,0.0,0.0,0.0,0.0,0.0,0.0,0.0,0.0,0.0,0.0,0.0,0.0,0.0,0.0,0.0,0.0,0.0,0.0,0.0
Sudan,294.0,294.0,294.0,294.0,294.0,322.0,322.0,322.0,322.0,1322.0,1322.0,1322.0,1322.0,1322.0,1322.0,1322.0,1322.0,1322.0,1482.0,1482.0,1482.0,1482.0,1482.0
Suriname,180.06,180.06,180.06,180.06,180.06,180.06,180.06,180.06,180.06,180.06,180.06,180.06,180.06,180.06,180.06,180.06,180.06,180.1,180.1,180.1,180.1,180.1,180.1
Sweden,16506.0,16523.0,16187.0,16098.0,16302.0,16302.0,16234.0,16592.0,16352.0,16544.0,16624.0,16478.0,16315.0,16395.0,15897.0,16230.0,16367.0,16502.0,16431.0,16462.0,16406.0,16407.0,16407.0
Switzerland,12924.0,12968.0,12979.0,12995.0,13001.0,13040.0,13039.0,13149.0,13159.0,13206.0,13267.0,13314.0,13347.0,13361.0,13288.0,13346.0,14279.0,14826.0,14980.0,15012.0,15032.0,15049.0,15065.0
Syrian Arab Republic,1528.0,1528.0,1170.0,1210.0,1528.0,1528.0,1528.0,1505.0,900.0,900.0,850.0,850.0,850.0,850.0,1494.0,1572.0,1494.0,1490.0,1490.0,1490.0,1490.0,1490.0,1490.0
Tajikistan,4061.0,4061.0,4061.0,4061.0,4061.0,4116.2,4116.2,4116.2,4116.2,4802.58,4802.08,4809.49,4811.41,4814.44,5034.65,5033.06,5038.76,5038.76,5153.45,5273.45,5273.16,5274.26,5274.26
Thailand,2975.8,2975.8,2975.8,2975.8,2975.8,2975.8,2975.8,2975.8,2980.8,2987.8,2987.8,2999.8,3008.2,3015.2,3048.4,3078.5,3088.52,3088.68,3107.38,3107.45,3108.8,3110.1,3110.1
Timor-Leste,0.0,0.0,0.0,0.0,0.0,0.0,0.0,0.0,0.32,0.32,0.32,0.32,0.32,0.32,0.32,0.32,0.32,0.32,0.32,0.32,0.32,0.32,0.32
Togo,67.4,67.4,67.4,66.6,66.6,66.6,66.6,66.6,66.6,66.6,66.6,66.6,66.6,66.6,66.6,66.6,66.6,66.6,66.6,66.6,66.6,66.6,66.6
Tokelau,0.0,0.0,0.0,0.0,0.0,0.0,0.0,0.0,0.0,0.0,0.0,0.0,0.0,0.0,0.0,0.0,0.0,0.0,0.0,0.0,0.0,0.0,0.0
Tonga,0.0,0.0,0.0,0.0,0.0,0.0,0.0,0.0,0.0,0.0,0.0,0.0,0.0,0.0,0.0,0.0,0.0,0.0,0.0,0.0,0.0,0.0,0.0
Trinidad and Tobago,0.0,0.0,0.0,0.0,0.0,0.0,0.0,0.0,0.0,0.0,0.0,0.0,0.0,0.0,0.0,0.0,0.0,0.0,0.0,0.0,0.0,0.0,0.0
Tunisia,62.0,62.0,62.0,62.0,62.0,62.0,62.0,62.0,62.0,62.0,62.0,62.0,62.0,62.0,62.0,62.0,62.0,62.0,66.0,66.0,66.0,66.0,66.0
Turkmenistan,1.2,1.2,1.2,1.2,1.2,1.2,1.2,1.2,1.2,1.2,1.2,1.2,1.2,1.2,1.2,1.2,1.2,1.2,1.2,1.2,1.2,2.2,2.2
Turks and Caicos Islands,0.0,0.0,0.0,0.0,0.0,0.0,0.0,0.0,0.0,0.0,0.0,0.0,0.0,0.0,0.0,0.0,0.0,0.0,0.0,0.0,0.0,0.0,0.0
Tuvalu,0.0,0.0,0.0,0.0,0.0,0.0,0.0,0.0,0.0,0.0,0.0,0.0,0.0,0.0,0.0,0.0,0.0,0.0,0.0,0.0,0.0,0.0,0.0
Türkiye,11175.0,11673.0,12241.0,12579.0,12645.0,12906.0,13063.0,13395.0,13829.0,14553.0,15831.0,17137.0,19609.0,22289.0,23643.0,25868.0,26681.0,27273.1,28291.39,28503.01,30983.9,31492.58,31571.48
UK,1785.0,1929.0,1883.0,1785.0,1799.0,1801.0,1815.0,1822.0,1928.0,1940.0,1947.0,1979.0,1993.0,2009.0,2029.0,2077.0,2133.0,2170.0,2177.0,2180.0,2186.0,2191.0,2190.0
USA,79359.0,78915.98,79356.2,78694.35,77640.74,77540.92,77821.01,77884.5,77930.2,78517.7,82609.4,82451.9,82561.9,83006.9,83494.2,83495.2,83820.75,83792.32,83882.56,83788.71,83826.75,83805.98,83850.61
Uganda,260.0,260.0,300.0,300.0,300.0,315.0,315.0,315.0,395.3,408.3,432.7,432.7,586.31,695.41,695.41,695.41,695.41,706.91,744.15,1004.41,1010.91,1010.91,1032.71
Ukraine,4669.5,4669.5,4669.5,4669.5,4669.5,4669.5,4669.5,4669.5,4696.5,4559.0,4596.0,4607.0,4608.0,4627.0,4665.0,4697.0,4658.0,4704.0,4734.0,4816.0,4819.0,4823.0,4823.0
United Arab Emirates,0.0,0.0,0.0,0.0,0.0,0.0,0.0,0.0,0.0,0.0,0.0,0.0,0.0,0.0,0.0,0.0,0.0,0.0,0.0,0.0,0.0,0.0,0.0
United Republic of Tanzania,581.44,581.48,581.72,581.72,581.72,566.22,566.93,566.93,566.93,567.73,567.73,567.76,571.76,572.06,572.08,578.12,586.32,588.01,587.41,594.91,594.91,595.41,595.41
United States Virgin Islands,0.0,0.0,0.0,0.0,0.0,0.0,0.0,0.0,0.0,0.0,0.0,0.0,0.0,0.0,0.0,0.0,0.0,0.0,0.0,0.0,0.0,0.0,0.0
Uruguay,1538.0,1538.0,1538.0,1538.0,1538.0,1538.0,1538.0,1538.0,1538.0,1538.0,1538.0,1538.0,1538.0,1538.0,1538.0,1538.0,1538.0,1538.0,1538.0,1538.0,1538.0,1538.0,1538.0
Uzbekistan,1596.0,1596.0,1596.0,1599.0,1751.0,1709.0,1710.0,1710.0,1743.0,1742.8,1792.9,1787.9,1822.2,1822.0,1871.0,1880.4,1880.4,1857.5,1914.9,1907.5,2020.6,2051.9,2047.9
Vanuatu,0.6,0.6,0.6,0.6,0.6,0.6,0.6,0.6,0.6,1.2,1.2,1.2,1.2,1.2,1.27,1.27,1.28,1.28,1.28,1.28,1.28,1.28,1.28
Venezuela,13216.0,13208.0,12492.0,12492.0,13865.0,14415.81,14598.81,14598.81,14598.81,14623.81,14623.81,14623.81,14623.81,14880.81,14880.81,15137.81,16828.81,16828.81,16828.8,16829.21,16829.21,16829.21,16829.21
Viet Nam,3273.9,3809.0,4118.4,4170.3,4212.1,4267.1,4507.5,4910.6,5911.7,7184.8,8652.5,10080.0,13552.0,14718.0,15069.0,15905.4,17131.4,17809.4,17989.4,20326.0,20817.0,21582.0,21857.0
Wallis and Futuna Islands,0.0,0.0,0.0,0.0,0.0,0.0,0.0,0.0,0.0,0.0,0.0,0.0,0.0,0.0,0.0,0.0,0.0,0.0,0.0,0.0,0.0,0.0,0.0
Yemen,0.0,0.0,0.0,0.0,0.0,0.0,0.0,0.0,0.0,0.0,0.0,0.0,0.0,0.0,0.0,0.0,0.0,0.0,0.0,0.0,0.0,0.0,0.0
Zambia,1789.12,1789.12,1789.12,1729.12,1729.12,1729.12,1729.12,1669.87,1669.87,1677.87,1891.87,1891.87,1898.87,2258.87,2258.87,2268.37,2388.37,2398.37,2398.37,2399.01,2400.01,2705.21,3164.21
Zimbabwe,667.18,667.18,667.18,667.18,667.18,667.18,667.18,667.18,751.18,751.18,752.31,752.33,752.33,757.37,757.37,772.38,776.14,780.04,1080.04,1080.02,1080.02,1080.02,1080.02
